-- ==========================================
-- ZEROS 사전진단 웹앱 고품질 시드 데이터 스크립트
-- ==========================================

-- 1. admin_users 데이터 추가 (3건)
INSERT INTO public.admin_users (id, email, name, role, created_at) VALUES
('admin-owner-uuid-1111', 'owner@zeros.com', '홍길동 대표', 'owner', '2025-06-01 09:00:00+00'),
('admin-admin-uuid-2222', 'admin@zeros.com', '김철수 부장', 'admin', '2025-06-15 09:00:00+00'),
('admin-viewer-uuid-3333', 'viewer@zeros.com', '이영희 대리', 'viewer', '2025-07-01 09:00:00+00')
ON CONFLICT (email) DO UPDATE SET name = EXCLUDED.name, role = EXCLUDED.role;

-- 2. customers 데이터 추가 (12건)
INSERT INTO public.customers (id, customer_name, company_name, phone, email, site_address, customer_type, customer_grade, total_requests, total_won, total_revenue, last_contact_at, memo, created_at) VALUES
('cust-uuid-01', '정지훈', 'ABC식품', '010-1234-5678', 'jh.jung@abcfood.co.kr', '경기도 화성시 향남읍 식품공단로 42', '식품 제조', '수주고객', 3, 2, 85000000.00, '2026-05-20 14:30:00+00', '해당 식품공단 내 대규모 스팀 설비 주기적 개보수 계획 있음.', '2025-10-10 08:00:00+00'),
('cust-uuid-02', '박민지', '가나바이오', '010-8765-4321', 'mj.park@ganabio.com', '인천광역시 연수구 송도과학로 120', '제약·바이오', '중요고객', 2, 1, 350000000.00, '2026-05-25 11:00:00+00', 'sanitary 크린 배관 스펙 매우 엄격. 다중 분기 및 레큘레이터 압력 유지가 중요함.', '2025-11-05 08:00:00+00'),
('cust-uuid-03', '이성호', '대성기계', '010-5678-1234', 'sh.lee@daesungmac.com', '경상남도 창원시 성산구 공단로 88', '중공업/조립', '재문의', 2, 0, 0.00, '2026-05-18 16:00:00+00', '오일 냉각 배관 보수 및 호스 교체 2차 견적 단계 대기.', '2025-12-01 08:00:00+00'),
('cust-uuid-04', '최영준', '동방물류', '010-4321-8765', 'yj.choi@dongbanglogis.com', '경기도 용인시 처인구 백암면 물류로 5', '물류/창고', '보류고객', 1, 0, 0.00, '2026-02-10 10:00:00+00', '물류센터 냉각 배관 누수로 출장 검토했으나 예산 문제로 투자 보류 상태.', '2026-01-15 08:00:00+00'),
('cust-uuid-05', '한석규', '세진화학', '010-2222-3333', 'sk.han@sejinchem.com', '울산광역시 남구 화학로 300', '화학/소재', '수주고객', 2, 2, 45000000.00, '2026-05-12 09:30:00+00', '부식성 유체가 흘러 배관 재질에 대한 전문적인 내구성 비교 검토가 통과됨.', '2025-08-20 08:00:00+00'),
('cust-uuid-06', '김태균', '우일정밀', '010-9999-8888', 'tk.kim@wooilprec.co.kr', '경기도 안산시 단원구 반월공단로 15', '정밀 가공', '신규', 1, 0, 0.00, '2026-05-28 17:00:00+00', '콤프레셔 라인 에어 호스 교체 온라인 간편 신청 고객.', '2026-05-28 17:00:00+00'),
('cust-uuid-07', '임수진', '태양에너지', '010-7777-6666', 'sj.lim@sunenergy.co.kr', '충청남도 아산시 배방읍 에너지로 77', '발전/에너지', '수주고객', 1, 1, 120000000.00, '2026-04-15 15:00:00+00', '냉각수 순환 메니폴더 대형 배관 증설 수주 성공 건.', '2026-03-01 08:00:00+00'),
('cust-uuid-08', '송지호', '한강빌딩 관리단', '010-4444-5555', 'jh.song@hangangbld.co.kr', '서울특별시 마포구 마포대로 150', '상업 빌딩', '신규', 1, 0, 0.00, '2026-06-01 10:00:00+00', '빌딩 지하 기계실 배관 부식 상태 보수 긴급 검토 요청.', '2026-06-01 10:00:00+00'),
('cust-uuid-09', '권동혁', '현대금속', '010-1111-9999', 'dh.kwon@hdmetal.co.kr', '경상북도 포항시 남구 철강로 20', '철강/비철', '보류고객', 1, 0, 0.00, '2026-01-20 14:00:00+00', '용광로 수냉 배관 대수선 견적 검토 후 내부 품의 지연으로 보류.', '2026-01-05 08:00:00+00'),
('cust-uuid-10', '김현아', '제일제약', '010-5555-8888', 'ha.kim@jeilpharma.com', '충청북도 청주시 흥덕구 오송생명로 25', '제약·바이오', '수주고객', 2, 1, 48000000.00, '2026-05-10 11:00:00+00', '제약 등급 크린 에어 라인 훅업 보수 성공 건.', '2025-09-15 08:00:00+00'),
('cust-uuid-11', '배우성', '태백메디컬', '010-3333-7777', 'ws.bae@taebaekmed.com', '강원도 원주시 의료단지로 10', '의료기기', '재문의', 2, 0, 0.00, '2026-05-30 10:00:00+00', '질소 공급 유틸리티 배관 증설 2차 검토 진행중.', '2026-04-10 08:00:00+00'),
('cust-uuid-12', '강성민', '신라상가 상인회', '010-6666-4444', 'sm.kang@shillasangga.co.kr', '서울특별시 중구 청계천로 200', '일반 상가', '신규', 1, 0, 0.00, '2026-05-29 14:00:00+00', '상가 메인 배관 보수 온라인 검토 신청.', '2026-05-29 14:00:00+00')
ON CONFLICT (id) DO NOTHING;

-- 3. estimates 데이터 추가 (30건)
INSERT INTO public.estimates (id, estimate_no, created_at, customer_name, company_name, phone, email, site_address, customer_type, work_type, site_type, work_purpose, expected_budget_range, desired_schedule, urgency, description, request_detail, estimate_category, accuracy_grade, status, admin_memo, assigned_admin, payment_required, payment_status, estimated_amount, confirmed_contract_amount, estimate_sent_at, contract_won_at) VALUES
('est-uuid-001', 'ZR-20251205-001', '2025-12-05 09:30:00+00', '정지훈', 'ABC식품', '010-1234-5678', 'jh.jung@abcfood.co.kr', '경기도 화성시 향남읍 식품공단로 42', '식품 제조', '배관공사', '식품', '교체', '1,000만~1억', '1개월 이내', TRUE, '공장 3라인 냉각수 입/출구 배관 노후화로 인한 부식 누수. 신속한 철거 후 SUS 교체 요청.', '배관 65A 스케줄 10 SUS304 메인 라인 교체 검토.', 'medium', 'A', '수주성공', '현장 방문 실측 후 스펙 확정. 셧다운 일정을 일요일 하루로 단축 설계하여 계약 체결.', 'admin-admin-uuid-2222', TRUE, '결제완료', 38000000.00, 35000000.00, '2025-12-10 15:00:00+00', '2025-12-15 11:00:00+00'),
('est-uuid-002', 'ZR-20251220-001', '2025-12-20 10:15:00+00', '박민지', '가나바이오', '010-8765-4321', 'mj.park@ganabio.com', '인천광역시 연수구 송도과학로 120', '제약·바이오', '생산설비 배관 연결', '제약·바이오', '신규설치', '≥1억', '3개월 이내', FALSE, '바이오 배양기 5기 추가 도입에 따른 초순수(DIW) 루프 배관 분기 및 sanitary 훅업 정밀 용접 공사 검토.', 'EP 배관 규격 및 크린룸 반입 계획 포함 수립 요망.', 'large', 'A', '수주성공', '초순수 순환 펌프 헤드 추가 및 루프 라인 압력 시뮬레이션 완료하여 1군 건설사 대비 경쟁력 있는 안으로 수주 성공.', 'admin-owner-uuid-1111', TRUE, '결제완료', 350000000.00, 350000000.00, '2025-12-28 16:00:00+00', '2026-01-08 10:00:00+00'),
('est-uuid-003', 'ZR-20260110-001', '2026-01-10 14:20:00+00', '한석규', '세진화학', '010-2222-3333', 'sk.han@sejinchem.com', '울산광역시 남구 화학로 300', '화학/소재', '노후배관교체', '공장', '교체', '1,000만~1억', '2개월 이내', FALSE, '황산 이송 2번 배관 외벽 부식 발생. 내부식성 특수 재질(PTFE 라이닝 또는 테플론 코팅) 배관으로 전면 대체 진단.', '배관 부식도 측정 및 재질 타당성 보고서 송부.', 'medium', 'B', '수주성공', '황산 이송 2번 배관 테플론 코팅 안 제시로 성공적 계약.', 'admin-admin-uuid-2222', TRUE, '결제완료', 45000000.00, 45000000.00, '2026-01-16 11:00:00+00', '2026-01-22 15:00:00+00'),
('est-uuid-004', 'ZR-20260118-001', '2026-01-18 11:00:00+00', '최영준', '동방물류', '010-4321-8765', 'yj.choi@dongbanglogis.com', '경기도 용인시 처인구 백암면 물류로 5', '물류/창고', 'Utility 배관', '물류센터', '개선', '1,000만~1억', '2개월 이내', FALSE, '물류센터 동절기 소화수 메인 배관 동파 방지용 메탈 히터 및 보온재 보수 설계.', '보온재 두께 계산 및 전력 소모량 검토.', 'medium', 'C', '수주실패', '의뢰자가 내부 예산 편성 실패하여 사업 포기함. 보류 기간 경과 후 수주실패 종결.', 'admin-viewer-uuid-3333', TRUE, '결제완료', 28000000.00, NULL, '2026-01-25 14:00:00+00', NULL),
('est-uuid-005', 'ZR-20260205-001', '2026-02-05 09:00:00+00', '이성호', '대성기계', '010-5678-1234', 'sh.lee@daesungmac.com', '경상남도 창원시 성산구 공단로 88', '중공업/조립', '장비설치', '공장', '신규설치', '1,000만~1억', '3개월 이내', FALSE, '공장 내 대형 유압프레스 도입에 따른 메인 유압 공급 펌프 2기 안착 및 냉각 오일 순환관 조인트 진동 완충 설계.', '장비 제원 기준 기초 베이스 강도 평가.', 'medium', 'B', '보류', '독일산 프레스 반입 일정이 5개월 지연되어 견적 검토 일시적 보류 상태로 대기중.', 'admin-admin-uuid-2222', FALSE, '미결제', 60000000.00, NULL, '2026-02-12 17:00:00+00', NULL),
('est-uuid-006', 'ZR-20260220-001', '2026-02-20 16:00:00+00', '임수진', '태양에너지', '010-7777-6666', 'sj.lim@sunenergy.co.kr', '충청남도 아산시 배방읍 에너지로 77', '발전/에너지', '공장증설', '공장', '증설', '≥1억', '6개월 이내', FALSE, '냉각타워 증설에 따른 대형 메인 냉각수 분배 매니폴드 매칭 배관 분접 공사(Tie-in). 셧다운 마진 12시간 준수 필수.', 'Hot-tapping 무중단 천공 공법 설계 병행 검토.', 'large', 'A', '수주성공', '안정적인 핫태핑 공법 기획으로 주말 무중단 연결 계약 성공.', 'admin-owner-uuid-1111', TRUE, '결제완료', 120000000.00, 120000000.00, '2026-02-28 10:00:00+00', '2026-03-10 14:00:00+00'),
('est-uuid-007', 'ZR-20260305-001', '2026-03-05 13:30:00+00', '김현아', '제일제약', '010-5555-8888', 'ha.kim@jeilpharma.com', '충청북도 청주시 흥덕구 오송생명로 25', '제약·바이오', '기계실개선', '기계실', '개선', '1,000만~1억', '2개월 이내', FALSE, '제약공장 유틸리티 기계실 내부 고압 냉량 가스 공급부 진동 흡수 및 편심 헤더 재배치 설계.', '배관 서포트 부하 계산서 및 평면 스케치.', 'medium', 'A', '수주성공', '기계실 3D 스케치 간섭 검증 완료 후 수주 성공.', 'admin-admin-uuid-2222', TRUE, '결제완료', 48000000.00, 48000000.00, '2026-03-12 16:00:00+00', '2026-03-20 11:00:00+00'),
('est-uuid-008', 'ZR-20260322-001', '2026-03-22 10:45:00+00', '권동혁', '현대금속', '010-1111-9999', 'dh.kwon@hdmetal.co.kr', '경상북도 포항시 남구 철강로 20', '철강/비철', 'CAPEX 개·증설 검토', '공장', '개선', '≥1억', '6개월 이내', FALSE, '용광로 냉각 공급 수관 및 가스 연소 덕트 교체 관련 기획 단계 예산 상한선(WBS) 수립 검토.', '컨셉 공정 타당성 분석.', 'large', 'D', '보류', '고압 가스 사용에 따른 소방/인허가 법적 규제가 까다로워 대관 인허가 사전검토로 보류 중.', 'admin-owner-uuid-1111', TRUE, '결제완료', 150000000.00, NULL, '2026-03-30 15:00:00+00', NULL),
('est-uuid-009', 'ZR-20260402-001', '2026-04-02 14:00:00+00', '배우성', '태백메디컬', '010-3333-7777', 'ws.bae@taebaekmed.com', '강원도 원주시 의료단지로 10', '의료기기', '배관공사', '제약·바이오', '증설', '1,000만~1억', '1개월 이내', TRUE, '청정 4실 질소 공급 배관 1라인 추가 분기 공사 및 배관 오염물 파티클 방지용 EP 파이프 설계 검토.', 'Ep 파이프 용접 품질 시나리오 포함.', 'medium', 'B', '견적서 송부완료', 'EP 파이프용 특수 가스켓 스펙 제안. 견적서 발송 후 수주 대기.', 'admin-viewer-uuid-3333', TRUE, '결제완료', 32000000.00, NULL, '2026-04-08 11:00:00+00', NULL),
('est-uuid-010', 'ZR-20260415-001', '2026-04-15 16:20:00+00', '김태균', '우일정밀', '010-9999-8888', 'tk.kim@wooilprec.co.kr', '경기도 안산시 단원구 반월공단로 15', '정밀 가공', '장비설치', '공장', '교체', '≤1,000만', '2주 이내', TRUE, '기존 에어 콤프레셔 진동으로 인한 연결 배관 절단 누출. 흡진 자바라 호스 교체 및 압력계 신설 신속 검토.', '에어 호스 고장 고온 내구 규격 진단.', 'small', 'C', '견적서 송부완료', '콤프레셔 라인 간이 호스 매칭 안 제공 완료.', 'admin-admin-uuid-2222', FALSE, '미결제', 3500000.00, NULL, '2026-04-16 15:00:00+00', NULL),
('est-uuid-011', 'ZR-20260418-001', '2026-04-18 10:00:00+00', '강성민', '신라상가 상인회', '010-6666-4444', 'sm.kang@shillasangga.co.kr', '서울특별시 중구 청계천로 200', '일반 상가', '노후배관교체', '상가', '개선', '≤1,000만', '1개월 이내', FALSE, '상가 지하 공용 집수정 펌프 배출관 누수로 인한 악취 및 바닥 오염. 배관 전면 철거 후 PVC 신설 검토.', '집수정 펌프 노후 배출라인 스펙 검토.', 'small', 'C', '견적서 송부완료', 'PVC 75A 라인 교체 견적 발송.', 'admin-viewer-uuid-3333', FALSE, '미결제', 6500000.00, NULL, '2026-04-20 14:00:00+00', NULL),
('est-uuid-012', 'ZR-20260422-001', '2026-04-22 09:30:00+00', '정지훈', 'ABC식품', '010-1234-5678', 'jh.jung@abcfood.co.kr', '경기도 화성시 향남읍 식품공단로 42', '식품 제조', '기계실개선', '식품', '개선', '1,000만~1억', '2개월 이내', FALSE, '공장 칠러 기계실 입/출구 냉각수 통합 매니폴더 밸브 노후화로 인한 열림 상태 고착. 1차 바이패스 라인 증설 설계.', '칠러 기계실 바이패스 배관 검토.', 'medium', 'B', '견적서 송부완료', '바이패스 전단 볼 밸브 추가 및 유량 우회 설계.', 'admin-admin-uuid-2222', TRUE, '결제완료', 50000000.00, NULL, '2026-04-28 16:00:00+00', NULL),
('est-uuid-013', 'ZR-20260425-001', '2026-04-25 14:30:00+00', '박민지', '가나바이오', '010-8765-4321', 'mj.park@ganabio.com', '인천광역시 연수구 송도과학로 120', '제약·바이오', 'Utility 배관', '제약·바이오', '교체', '≥1억', '3개월 이내', FALSE, '배양 1동 청정 스팀 공급용 Sanitary SUS 배관 라인 교체 및 진공 차단 해제 시스템 검토.', '세니타리 용접 및 기밀 검사 계획.', 'large', 'A', '견적서 작성중', '청정 스팀 압력 저항 밸브 WBS 상세 분할 중.', 'admin-owner-uuid-1111', TRUE, '결제완료', 140000000.00, NULL, NULL, NULL),
('est-uuid-014', 'ZR-20260429-001', '2026-04-29 11:00:00+00', '배우성', '태백메디컬', '010-3333-7777', 'ws.bae@taebaekmed.com', '강원도 원주시 의료단지로 10', '의료기기', '장비설치', '공장', '신규설치', '1,000만~1억', '3개월 이내', FALSE, '공정 클린룸 내 진공 포장기 4대 신설 및 후단 진공 흡입 매니폴더 펌프 가동 연결 배관 라인 구축.', '진공 펌프 배기 매니폴더 설계.', 'medium', 'B', '견적서 작성중', '진공 강하 방지용 루프식 흡입 메니폴더 구성 설계.', 'admin-viewer-uuid-3333', TRUE, '결제완료', 45000000.00, NULL, NULL, NULL),
('est-uuid-015', 'ZR-20260502-001', '2026-05-02 13:00:00+00', '송지호', '한강빌딩 관리단', '010-4444-5555', 'jh.song@hangangbld.co.kr', '서울특별시 마포구 마포대로 150', '상업 빌딩', '기계실개선', '기계실', '교체', '1,000만~1억', '2주 이내', TRUE, '빌딩 지하 기계실 난방 스팀 분기 헤더 미세 누수 발견. 노후 플랜지 교체 및 용접 용융 접합 보수 검토.', '스팀 분기 매니폴더 실측 검토.', 'medium', 'A', '현장방문 완료', '볼트 체결부 노후로 인한 플랜지 이탈 진단. 100% 현장 용접 및 보강 완료.', 'admin-admin-uuid-2222', TRUE, '결제완료', NULL, NULL, NULL, NULL),
('est-uuid-016', 'ZR-20260505-001', '2026-05-05 09:30:00+00', '한석규', '세진화학', '010-2222-3333', 'sk.han@sejinchem.com', '울산광역시 남구 화학로 300', '화학/소재', '배관공사', '공장', '증설', '1,000만~1억', '1개월 이내', FALSE, '화학공정 C동 솔벤트 공급 메인 라인 분기 밸브 추가 및 누설 방지 하이-씰 플랜지 마감 설계 검토.', '솔벤트 분기 및 안전 차단 밸브 설계.', 'medium', 'B', '현장방문 예정', '방폭 안전 규정 하 시공 공법 조율 중.', 'admin-admin-uuid-2222', TRUE, '결제완료', NULL, NULL, NULL, NULL),
('est-uuid-017', 'ZR-20260508-001', '2026-05-08 15:00:00+00', '정지훈', 'ABC식품', '010-1234-5678', 'jh.jung@abcfood.co.kr', '경기도 화성시 향남읍 식품공단로 42', '식품 제조', '공장증설', '식품', '증설', '≥1억', '6개월 이내', FALSE, '소스 가열 교반기 4대 도입에 따른 180도 스팀 공급 관로 증설 및 응축수 리턴 서브 라인 매핑.', '교반기 스팀 가열 관로 증설 검토.', 'large', 'A', '방문일정 조율중', '스팀 트랩 바이패스 설치 공간 확보 진단.', 'admin-owner-uuid-1111', TRUE, '결제완료', NULL, NULL, NULL, NULL),
('est-uuid-018', 'ZR-20260512-001', '2026-05-12 11:00:00+00', '임수진', '태양에너지', '010-7777-6666', 'sj.lim@sunenergy.co.kr', '충청남도 아산시 배방읍 에너지로 77', '발전/에너지', 'Utility 배관', '공장', '개선', '1,000만~1억', '1개월 이내', FALSE, '냉각타워 인입 스크레이핑 여과기 후단 차압 센서 추가 장착을 위한 바이패스 배관 신설 진단.', '센서 및 우회 밸브 라인 구축.', 'medium', 'B', '출장견적 결제대기', NULL, 'admin-admin-uuid-2222', TRUE, '결제대기', NULL, NULL, NULL, NULL),
('est-uuid-019', 'ZR-20260515-001', '2026-05-15 14:30:00+00', '박민지', '가나바이오', '010-8765-4321', 'mj.park@ganabio.com', '인천광역시 연수구 송도과학로 120', '제약·바이오', 'CAPEX 개·증설 검토', '공장', '증설', '≥1억', '6개월 이내', FALSE, '완제 포장 공장 신설 프로젝트 배관 공종 사전 기획 타당성 검토 및 실행 단가 WBS 밴드 산출.', 'CAPEX 예산 범위 타당성 진단.', 'large', 'C', '검토중', '1차 공법 매칭 밴드 정리 중.', 'admin-owner-uuid-1111', TRUE, '결제완료', NULL, NULL, NULL, NULL),
('est-uuid-020', 'ZR-20260518-001', '2026-05-18 09:30:00+00', '이성호', '대성기계', '010-5678-1234', 'sh.lee@daesungmac.com', '경상남도 창원시 성산구 공단로 88', '중공업/조립', '생산설비 배관 연결', '공장', '개선', '1,000만~1억', '1개월 이내', FALSE, '대형 밀링기 3대 공급 절삭유 쿨런트 공급/회수 호스 배관 고압 유량 밸브 차폐 구조 개선 설계.', '쿨런트 유하 압력 진단.', 'medium', 'B', '검토중', '펌프 토출 압력 맥동 완충 에어 챔버 규격 검토 중.', 'admin-admin-uuid-2222', TRUE, '결제완료', NULL, NULL, NULL, NULL),
('est-uuid-021', 'ZR-20260520-001', '2026-05-20 16:00:00+00', '배우성', '태백메디컬', '010-3333-7777', 'ws.bae@taebaekmed.com', '강원도 원주시 의료단지로 10', '의료기기', '노후배관교체', '공장', '교체', '1,000만~1억', '2개월 이내', FALSE, '공정 폐수 중화 조 전단 산/알칼리 유하 배관 고온 누설로 재질 교체(PP 또는 PVDF 적용성 진단).', '중화조 유입 화학 배관 부식 진단.', 'medium', 'B', '검토중', 'PVDF 자재 단가 비교표 작성 중.', 'admin-viewer-uuid-3333', TRUE, '결제완료', NULL, NULL, NULL, NULL),
('est-uuid-022', 'ZR-20260522-001', '2026-05-22 11:00:00+00', '최영준', '동방물류', '010-4321-8765', 'yj.choi@dongbanglogis.com', '경기도 용인시 처인구 백암면 물류로 5', '물류/창고', '장비설치', '물류센터', '신규설치', '1,000만~1억', '1개월 이내', FALSE, '물류센터 화물차 고압 가습 스팀 발생 보일러 장비 1대 진입 반입로 확보 및 호스 드레인 배관 안착 설계.', '가습 보일러 급배기 배관 검토.', 'medium', 'C', '검토중', '바닥 기초 패드 무배근 두께 실측 검증 중.', 'admin-viewer-uuid-3333', TRUE, '결제완료', NULL, NULL, NULL, NULL),
('est-uuid-023', 'ZR-20260524-001', '2026-05-24 14:00:00+00', '한석규', '세진화학', '010-2222-3333', 'sk.han@sejinchem.com', '울산광역시 남구 화학로 300', '화학/소재', '배관공사', '공장', '교체', '1,000만~1억', '2주 이내', TRUE, '케미칼 이송용 80A 밸브 플랜지 가스켓 노화 미세 누출 보수. 신속 가스켓 스펙 선정 요청.', '고온 화학 플랜지 가스켓 선정.', 'medium', 'B', '검토중', '비석면 가스켓 규격 선정 검토 완료.', 'admin-admin-uuid-2222', TRUE, '결제완료', NULL, NULL, NULL, NULL),
('est-uuid-024', 'ZR-20260525-001', '2026-05-25 10:00:00+00', '정지훈', 'ABC식품', '010-1234-5678', 'jh.jung@abcfood.co.kr', '경기도 화성시 향남읍 식품공단로 42', '식품 제조', 'Utility 배관', '식품', '개선', '1,000만~1억', '1개월 이내', FALSE, '공장 급수 메인 유량 계측기 장착부 지중화 구간 노출 및 바이패스 강관 배치 사전 진단.', '지중 매설 배관 우회 설계.', 'medium', 'A', '접수완료', NULL, NULL, FALSE, '미결제', NULL, NULL, NULL, NULL),
('est-uuid-025', 'ZR-20260526-001', '2026-05-26 15:30:00+00', '박민지', '가나바이오', '010-8765-4321', 'mj.park@ganabio.com', '인천광역시 연수구 송도과학로 120', '제약·바이오', '생산설비 배관 연결', '제약·바이오', '신규설치', '≥1억', '3개월 이내', FALSE, '신축 무균 충진라인 전용 고압 에어 노즐 및 세척용 질소 훅업 분접 노즐 패널 브래킷 장착 설계.', '무균실 에어 훅업 패널 설계.', 'large', NULL, '접수완료', NULL, NULL, FALSE, '미결제', NULL, NULL, NULL, NULL),
('est-uuid-026', 'ZR-20260527-001', '2026-05-27 11:00:00+00', '이성호', '대성기계', '010-5678-1234', 'sh.lee@daesungmac.com', '경상남도 창원시 성산구 공단로 88', '중공업/조립', '장비설치', '공장', '이전', '1,000만~1억', '1개월 이내', FALSE, '본사 도장 설비 분무 펌프 장비 이전 안착 및 쿨런트 회로 배관 신축 분기 홉업 설계.', '도장실 순환 펌프 헤더 재설치.', 'medium', NULL, '접수완료', NULL, NULL, FALSE, '미결제', NULL, NULL, NULL, NULL),
('est-uuid-027', 'ZR-20260528-001', '2026-05-28 17:00:00+00', '김태균', '우일정밀', '010-9999-8888', 'tk.kim@wooilprec.co.kr', '경기도 안산시 단원구 반월공단로 15', '정밀 가공', '배관공사', '공장', '개선', '≤1,000만', '2주 이내', FALSE, '가공기 냉각제 노출 분사 헤드 호스 밸브 교환. 온라인 간편 신청.', '냉각제 분사 호스 규격.', 'small', NULL, '접수완료', NULL, NULL, FALSE, '미결제', NULL, NULL, NULL, NULL),
('est-uuid-028', 'ZR-20260529-001', '2026-05-29 14:00:00+00', '강성민', '신라상가 상인회', '010-6666-4444', 'sm.kang@shillasangga.co.kr', '서울특별시 중구 청계천로 200', '일반 상가', '배관공사', '상가', '긴급보수', '≤1,000만', '1주 이내', TRUE, '2층 남성 화장실 공용 온수 환탕 배관 나사부 누수 고임. 긴급 실리콘 테이프 및 볼 밸브 잠금 보수 요망.', '화장실 배관 나습 긴급 보수.', 'small', NULL, '접수완료', NULL, NULL, FALSE, '미결제', NULL, NULL, NULL, NULL),
('est-uuid-029', 'ZR-20260530-001', '2026-05-30 10:00:00+00', '배우성', '태백메디컬', '010-3333-7777', 'ws.bae@taebaekmed.com', '강원도 원주시 의료단지로 10', '의료기기', 'Utility 배관', '공장', '개선', '모름', '2개월 이내', FALSE, '공장 옥상 칠러 탱크 노출 냉각수 밸브 보온 외장재 노후 탈락. UV 보온 외장 시팅 시공 제안.', '옥상 노출 배관 보온 외장재 검토.', 'unknown', NULL, '접수완료', NULL, NULL, FALSE, '미결제', NULL, NULL, NULL, NULL),
('est-uuid-030', 'ZR-20260601-001', '2026-06-01 10:00:00+00', '송지호', '한강빌딩 관리단', '010-4444-5555', 'jh.song@hangangbld.co.kr', '서울특별시 마포구 마포대로 150', '상업 빌딩', '배관공사', '기계실', '긴급보수', '모름', '1주 이내', TRUE, '지하 2층 지하수 배출 횡주관 스케일로 막힘 의심. 세척 고압 워터 제팅 및 신설 검토.', '지하 배수관 막힘 진단.', 'unknown', NULL, '접수완료', NULL, NULL, FALSE, '미결제', NULL, NULL, NULL, NULL)
ON CONFLICT (id) DO NOTHING;

-- 4. payments 데이터 추가 (15건)
INSERT INTO public.payments (id, estimate_id, payment_type, amount, payment_status, payment_provider, transaction_id, paid_at, created_at, memo) VALUES
('pay-uuid-001', 'est-uuid-001', '출장견적비', 300000.00, '결제완료', 'toss', 'TX_TOSS_11112222', '2025-12-06 14:00:00+00', '2025-12-05 09:30:00+00', 'ABC식품 향남공장 냉각수 배관 현장 실측 출장비.'),
('pay-uuid-002', 'est-uuid-002', '프로젝트 사전진단비', 1500000.00, '결제완료', 'card', 'TX_CARD_55556666', '2025-12-21 16:30:00+00', '2025-12-20 10:15:00+00', '가나바이오 배양기 DIW 배관 사전진단 엔지니어링 리포팅 비용.'),
('pay-uuid-003', 'est-uuid-003', '출장견적비', 300000.00, '결제완료', 'bank', 'TX_BANK_99990000', '2026-01-11 13:00:00+00', '2026-01-10 14:20:00+00', '세진화학 울산공장 황산이송관 특수재질 분석 및 실측비.'),
('pay-uuid-004', 'est-uuid-004', '출장견적비', 300000.00, '결제완료', 'bank', 'TX_BANK_22221111', '2026-01-19 10:00:00+00', '2026-01-18 11:00:00+00', '동방물류 소화관 동파 방지 보수 출장비 (환불 사유 없음. 수주실패 종결됨.)'),
('pay-uuid-005', 'est-uuid-006', '프로젝트 사전진단비', 1000000.00, '결제완료', 'toss', 'TX_TOSS_88889999', '2026-02-21 11:00:00+00', '2026-02-20 16:00:00+00', '태양에너지 냉각타워 매니폴드 셧다운 최소화 기법 WBS 분석비.'),
('pay-uuid-006', 'est-uuid-007', '출장견적비', 300000.00, '결제완료', 'card', 'TX_CARD_22334455', '2026-03-06 11:00:00+00', '2026-03-05 13:30:00+00', '제일제약 오송공장 고압 가스 헤더 재배치 레이저 실측비.'),
('pay-uuid-007', 'est-uuid-008', '프로젝트 사전진단비', 1500000.00, '결제완료', 'bank', 'TX_BANK_77778888', '2026-03-23 14:00:00+00', '2026-03-22 10:45:00+00', '현대금속 포항공장 용광로 WBS 단가 검토비.'),
('pay-uuid-008', 'est-uuid-009', '출장견적비', 300000.00, '결제완료', 'toss', 'TX_TOSS_77665544', '2026-04-03 10:00:00+00', '2026-04-02 14:00:00+00', '태백메디컬 원주 클린룸 배관 추가 분기 출장 실측비.'),
('pay-uuid-009', 'est-uuid-012', '출장견적비', 300000.00, '결제완료', 'bank', 'TX_BANK_33334444', '2026-04-23 11:00:00+00', '2026-04-22 09:30:00+00', 'ABC식품 칠러 기계실 바이패스관 추가 실측비.'),
('pay-uuid-010', 'est-uuid-013', '프로젝트 사전진단비', 1200000.00, '결제완료', 'card', 'TX_CARD_99992222', '2026-04-26 16:00:00+00', '2026-04-25 14:30:00+00', '가나바이오 청정 스팀 Sanitary 배관 종합 리포트비.'),
('pay-uuid-011', 'est-uuid-014', '출장견적비', 300000.00, '결제완료', 'toss', 'TX_TOSS_22331199', '2026-04-30 10:00:00+00', '2026-04-29 11:00:00+00', '태백메디컬 진공포장기 라인 실측 출장비.'),
('pay-uuid-012', 'est-uuid-015', '출장견적비', 300000.00, '결제완료', 'card', 'TX_CARD_44556677', '2026-05-03 11:00:00+00', '2026-05-02 13:00:00+00', '한강빌딩 난방 스팀 분기 헤더 플랜지 부식 실측비.'),
('pay-uuid-013', 'est-uuid-016', '출장견적비', 300000.00, '결제완료', 'bank', 'TX_BANK_88990011', '2026-05-06 10:00:00+00', '2026-05-05 09:30:00+00', '세진화학 솔벤트 공급 메인 분기 씰 실측비.'),
('pay-uuid-014', 'est-uuid-017', '프로젝트 사전진단비', 1500000.00, '결제완료', 'card', 'TX_CARD_12123434', '2026-05-09 14:00:00+00', '2026-05-08 15:00:00+00', 'ABC식품 소스 가열 스팀 라인 증설 타당성 검토비.'),
('pay-uuid-015', 'est-uuid-018', '출장견적비', 300000.00, '결제대기', NULL, NULL, NULL, '2026-05-12 11:00:00+00', '태양에너지 스크레이핑 여과기 차압 밸브 실측 출장비 (결제대기중)')
ON CONFLICT (id) DO NOTHING;

-- 5. site_visits 데이터 추가 (10건)
INSERT INTO public.site_visits (id, estimate_id, visit_date, visitor_name, visit_purpose, visit_status, visit_result, site_memo, risk_memo, next_action, created_at) VALUES
('visit-uuid-001', 'est-uuid-001', '2025-12-08', '김철수 부장', '배관 노후화 및 누설점 실측', '완료', '3라인 메인 파이프 하단 200mm 균열 심화 확인. SUS304 스케줄 10 자재 제안.', '천장 배관 지지 빔 앵커 부식 있음. 지지대 보강 시공 WBS 추가 요망.', '고소작업차 진입을 위해 공정 로터리 일부 철거 협의됨.', '12월 10일까지 최종 ISO 상세도면 및 견적 WBS 작성 송부.', '2025-12-05 09:30:00+00'),
('visit-uuid-002', 'est-uuid-002', '2025-12-24', '홍길동 대표', '초순수 DIW 루프 연결 정밀 치수 검사', '완료', '크린룸 Class 100 기준 충족. EP 가공 배관 용접 시 퍼지 시간 확보 가능 확인.', '배양기 전단 분접구 협소. 스윙 체크 밸브 배치 동선 변경 요구.', '공정 중단Tie-in을 위한 주말 10시간 정전 한계 확인.', '용접 품질 보증서 및 시나리오 송부.', '2025-12-20 10:15:00+00'),
('visit-uuid-003', 'est-uuid-003', '2026-01-13', '김철수 부장', '황산 유하 배관 화학 부식 분석', '완료', '황산 잔류로 인한 강도 저하 우려 확인. PTFE 테플론 라인 적용 제안 결정.', '용접 포인트 최소화 필요. 기성 플랜지 이음 구간 실측.', '독성 유체 배출을 위한 안전 가스 퍼지 가이드라인 설계 요구.', '1월 15일까지 PTFE 라이닝 관 사양서 견적 작성.', '2026-01-10 14:20:00+00'),
('visit-uuid-004', 'est-uuid-004', '2026-01-21', '이영희 대리', '물류센터 천장 메인 소화관 동파 실측', '완료', '150m 구간 보온재 완전 탈락 상태 확인. 메탈 열선 1.5w/m 설계 적합.', '천장 높이 8.5m로 시저스 리프트 반입 경로 확인 완료.', '겨울철 최저 영하 12도 감안하여 메탈히터 릴레이 이중화 권장.', '견적서 작성 및 수주 품의 지원.', '2026-01-18 11:00:00+00'),
('visit-uuid-005', 'est-uuid-006', '2026-02-24', '홍길동 대표', '대형 매니폴더 Hot-tapping 가능성 진단', '완료', '기존 배관 진원도 99%로 핫태핑 피팅 슬리브 안착 가능 진단.', '12시간 셧다운 내 매니폴더 4개 탭 천공 가능 타임라인 조율.', '차단 시 배관 물 빼기 드레인 밸브 개방 한계 협의.', '천공 장비 수급 및 WBS 송부.', '2026-02-20 16:00:00+00'),
('visit-uuid-006', 'est-uuid-007', '2026-03-09', '김철수 부장', '고압 가스 공급부 진동 주파수 실측', '완료', '펌프 기동 시 25Hz 대역 진동 증폭. 유연 플렉시블 조인트 2단 적용 제안.', '기계실 펌프 흡입 편심관 리듀서 재설계 필요성 전달함.', '방진 스프링 베이스 하단 패드 신설 공간 필요.', '3D ISO 간섭 검토 뷰 도면 작성.', '2026-03-05 13:30:00+00'),
('visit-uuid-007', 'est-uuid-009', '2026-04-05', '이영희 대리', '클린룸 질소 배관 분접 여건 실측', '완료', 'Class 100 무균실 가스 분기 라인 이물 차단 구조 확인.', 'EP 자재 보관을 위한 클린 텐트 설치 공간 조율.', '산소 농도 경보기 설치 필요성 식별.', '견적서 및 자재 리스트 발송.', '2026-04-02 14:00:00+00'),
('visit-uuid-008', 'est-uuid-012', '2026-04-25', '김철수 부장', '칠러 기계실 바이패스관 레이아웃 스캔', '완료', '기존 관경 80A 밸브 노후 확인. 신속한 차단 바이패스관 65A 스펙 확정.', '작업 구간 기계실 출입구 폭 900mm로 대형 조립품 반입 불가 확인. 현장 조립 필요.', NULL, 'WBS 견적 산정.', '2026-04-22 09:30:00+00'),
('visit-uuid-009', 'est-uuid-015', '2026-05-04', '김철수 부장', '난방 스팀 분기 헤더 플랜지 누수 진단', '완료', '스팀 플랜지 체결 볼트 부식 절단 상태. 볼트 전면 교체 및 고온 가스켓 대체 진단.', '주민 소음 차단을 위해 주간 작업 시간 10시~17시 엄격 제한 확인.', NULL, '긴급 견적서 산출 완료.', '2026-05-02 13:00:00+00'),
('visit-uuid-010', 'est-uuid-016', '2026-05-08', '김철수 부장', '솔벤트 공급 메인 분기 씰 실측', '완료', '방폭 규정 적용 구간. 비불꽃(방폭 전용) 유압 코킹 장비 사용 공법 수립.', NULL, '방폭 구역 가스 측정기 의무 휴대 교육 배정 필요.', '방폭 시공 계획서 작성 및 견적 대장 수립.', '2026-05-05 09:30:00+00')
ON CONFLICT (id) DO NOTHING;

-- 6. files 데이터 추가 (20건)
INSERT INTO public.files (id, estimate_id, file_name, file_type, file_url, file_category, uploaded_at) VALUES
('file-uuid-001', 'est-uuid-001', 'PND_CoolingLine_v1.pdf', 'application/pdf', '/mock-files/pnd.pdf', '도면', '2025-12-05 09:30:00+00'),
('file-uuid-002', 'est-uuid-001', 'MainValve_Photo.jpg', 'image/jpeg', '/mock-files/mainvalve.jpg', '사진', '2025-12-05 09:32:00+00'),
('file-uuid-003', 'est-uuid-002', 'BioFermenter_Spec.pdf', 'application/pdf', '/mock-files/biospec.pdf', '도면', '2025-12-20 10:15:00+00'),
('file-uuid-004', 'est-uuid-002', 'Cleanroom_Layout.dwg', 'image/vnd.dwg', '/mock-files/layout.dwg', '도면', '2025-12-20 10:18:00+00'),
('file-uuid-005', 'est-uuid-003', 'AcidStorage_Piping_Photo1.png', 'image/png', '/mock-files/acid1.png', '사진', '2026-01-10 14:20:00+00'),
('file-uuid-006', 'est-uuid-003', 'AcidStorage_Piping_Photo2.png', 'image/png', '/mock-files/acid2.png', '사진', '2026-01-10 14:22:00+00'),
('file-uuid-007', 'est-uuid-004', 'FirePiping_Burst_Photo.jpg', 'image/jpeg', '/mock-files/burst.jpg', '사진', '2026-01-18 11:00:00+00'),
('file-uuid-008', 'est-uuid-005', 'HydraulicPress_Foundations.pdf', 'application/pdf', '/mock-files/foundation.pdf', '도면', '2026-02-05 09:00:00+00'),
('file-uuid-009', 'est-uuid-006', 'CoolingTower_Manifold_v3.dwg', 'image/vnd.dwg', '/mock-files/manifold3.dwg', '도면', '2026-02-20 16:00:00+00'),
('file-uuid-010', 'est-uuid-007', 'GasHeader_MachineryRoom.jpg', 'image/jpeg', '/mock-files/gasheader.jpg', '사진', '2026-03-05 13:30:00+00'),
('file-uuid-011', 'est-uuid-009', 'Cleanroom_NitrogenLine.pdf', 'application/pdf', '/mock-files/n2line.pdf', '도면', '2026-04-02 14:00:00+00'),
('file-uuid-012', 'est-uuid-012', 'ChillerRoom_Piping_Status.jpg', 'image/jpeg', '/mock-files/chiller1.jpg', '사진', '2026-04-22 09:30:00+00'),
('file-uuid-013', 'est-uuid-013', 'SteamSupply_SanitarySpec.pdf', 'application/pdf', '/mock-files/steamspec.pdf', '도면', '2026-04-25 14:30:00+00'),
('file-uuid-014', 'est-uuid-014', 'VacuumPacker_Layout.dwg', 'image/vnd.dwg', '/mock-files/vaclayout.dwg', '도면', '2026-04-29 11:00:00+00'),
('file-uuid-015', 'est-uuid-015', 'SteamHeader_LeakPoint.jpg', 'image/jpeg', '/mock-files/leak.jpg', '사진', '2026-05-02 13:00:00+00'),
('file-uuid-016', 'est-uuid-016', 'SolventC_BranchArea.jpg', 'image/jpeg', '/mock-files/solventc.jpg', '사진', '2026-05-05 09:30:00+00'),
('file-uuid-017', 'est-uuid-017', 'FoodMixer_SteamInlet.png', 'image/png', '/mock-files/mixer.png', '사진', '2026-05-08 15:00:00+00'),
('file-uuid-018', 'est-uuid-018', 'DifferentialPressure_SensorSpec.pdf', 'application/pdf', '/mock-files/dpspec.pdf', '도면', '2026-05-12 11:00:00+00'),
('file-uuid-019', 'est-uuid-019', 'ProjectCAPEX_ConceptSheet.pdf', 'application/pdf', '/mock-files/capexconcept.pdf', '도면', '2026-05-15 14:30:00+00'),
('file-uuid-020', 'est-uuid-020', 'MillingMachine_CoolantDiagram.png', 'image/png', '/mock-files/coolant.png', '사진', '2026-05-18 09:30:00+00')
ON CONFLICT (id) DO NOTHING;
